<?xml version='1.0' encoding='UTF-8'?>
<feed xmlns="http://www.w3.org/2005/Atom" xml:lang="en"><id>https://cheatsheetseries.owasp.org/</id><title>OWASP Cheat Sheet Series update</title><updated>2022-11-01T19:37:35+00:00</updated><author><name>Core team</name><email>dominique.righetto@owasp.org</email></author><link href="https://cheatsheetseries.owasp.org" rel="self"/><link href="https://github.com/OWASP/CheatSheetSeries" rel="alternate"/><generator uri="https://lkiesow.github.io/python-feedgen" version="0.9.0">python-feedgen</generator><icon>https://cheatsheetseries.owasp.org/gitbook/images/favicon.ico</icon><subtitle>List of the last updates on the content</subtitle><entry><id>https://github.com/OWASP/CheatSheetSeries/pull/832</id><title>Re-merge cheatsheet updates and extend chapter 4</title><updated>2022-01-31T20:12:30+00:00</updated><link href="https://github.com/OWASP/CheatSheetSeries/pull/832" rel="self"/><link href="https://github.com/OWASP/CheatSheetSeries/pull/832" rel="alternate"/><published>2022-01-31T20:12:30+00:00</published></entry><entry><id>https://github.com/OWASP/CheatSheetSeries/pull/835</id><title>Revert "Re-merge cheatsheet updates and extend chapter 4 (#832)"</title><updated>2022-01-31T20:19:45+00:00</updated><link href="https://github.com/OWASP/CheatSheetSeries/pull/835" rel="self"/><link href="https://github.com/OWASP/CheatSheetSeries/pull/835" rel="alternate"/><published>2022-01-31T20:19:45+00:00</published></entry><entry><id>https://github.com/OWASP/CheatSheetSeries/pull/836</id><title>Revert "Re-merge cheatsheet updates and extend chapter 4"</title><updated>2022-01-31T20:22:32+00:00</updated><link href="https://github.com/OWASP/CheatSheetSeries/pull/836" rel="self"/><link href="https://github.com/OWASP/CheatSheetSeries/pull/836" rel="alternate"/><published>2022-01-31T20:22:32+00:00</published></entry><entry><id>https://github.com/OWASP/CheatSheetSeries/pull/839</id><title>Attribution fix 3</title><updated>2022-01-31T21:25:17+00:00</updated><link href="https://github.com/OWASP/CheatSheetSeries/pull/839" rel="self"/><link href="https://github.com/OWASP/CheatSheetSeries/pull/839" rel="alternate"/><published>2022-01-31T21:25:17+00:00</published></entry><entry><id>https://github.com/OWASP/CheatSheetSeries/pull/840</id><title>Detect &amp; Respond sections via @thatsjet</title><updated>2022-02-01T08:22:52+00:00</updated><link href="https://github.com/OWASP/CheatSheetSeries/pull/840" rel="self"/><link href="https://github.com/OWASP/CheatSheetSeries/pull/840" rel="alternate"/><published>2022-02-01T08:22:52+00:00</published></entry><entry><id>https://github.com/OWASP/CheatSheetSeries/pull/841</id><title>Promote secrets management cheatsheet</title><updated>2022-02-02T21:30:13+00:00</updated><link href="https://github.com/OWASP/CheatSheetSeries/pull/841" rel="self"/><link href="https://github.com/OWASP/CheatSheetSeries/pull/841" rel="alternate"/><published>2022-02-02T21:30:13+00:00</published></entry><entry><id>https://github.com/OWASP/CheatSheetSeries/pull/844</id><title>Security Questions Cheat sheet- Updated Nist reference, background information, typos</title><updated>2022-02-04T21:21:19+00:00</updated><link href="https://github.com/OWASP/CheatSheetSeries/pull/844" rel="self"/><link href="https://github.com/OWASP/CheatSheetSeries/pull/844" rel="alternate"/><published>2022-02-04T21:21:19+00:00</published></entry><entry><id>https://github.com/OWASP/CheatSheetSeries/pull/846</id><title>Round 3 - XSS Prevention CS</title><updated>2022-02-04T23:47:21+00:00</updated><link href="https://github.com/OWASP/CheatSheetSeries/pull/846" rel="self"/><link href="https://github.com/OWASP/CheatSheetSeries/pull/846" rel="alternate"/><published>2022-02-04T23:47:21+00:00</published></entry><entry><id>https://github.com/OWASP/CheatSheetSeries/pull/848</id><title>Code of Conduct-related Fix</title><updated>2022-02-06T20:53:54+00:00</updated><link href="https://github.com/OWASP/CheatSheetSeries/pull/848" rel="self"/><link href="https://github.com/OWASP/CheatSheetSeries/pull/848" rel="alternate"/><published>2022-02-06T20:53:54+00:00</published></entry><entry><id>https://github.com/OWASP/CheatSheetSeries/pull/849</id><title>Update Cross_Site_Scripting_Prevention_Cheat_Sheet.md</title><updated>2022-02-09T16:08:29+00:00</updated><link href="https://github.com/OWASP/CheatSheetSeries/pull/849" rel="self"/><link href="https://github.com/OWASP/CheatSheetSeries/pull/849" rel="alternate"/><published>2022-02-09T16:08:29+00:00</published></entry><entry><id>https://github.com/OWASP/CheatSheetSeries/pull/850</id><title>[Certificate Pinning Cheat Sheet] Improvements for Android and iOS</title><updated>2022-02-09T16:08:03+00:00</updated><link href="https://github.com/OWASP/CheatSheetSeries/pull/850" rel="self"/><link href="https://github.com/OWASP/CheatSheetSeries/pull/850" rel="alternate"/><published>2022-02-09T16:08:03+00:00</published></entry><entry><id>https://github.com/OWASP/CheatSheetSeries/pull/851</id><title>Added one more patch methods to LDAP attacks</title><updated>2022-02-14T12:13:31+00:00</updated><link href="https://github.com/OWASP/CheatSheetSeries/pull/851" rel="self"/><link href="https://github.com/OWASP/CheatSheetSeries/pull/851" rel="alternate"/><published>2022-02-14T12:13:31+00:00</published></entry><entry><id>https://github.com/OWASP/CheatSheetSeries/pull/852</id><title>[Certificate Pinning Cheat Sheet] General Improvements</title><updated>2022-02-14T12:12:13+00:00</updated><link href="https://github.com/OWASP/CheatSheetSeries/pull/852" rel="self"/><link href="https://github.com/OWASP/CheatSheetSeries/pull/852" rel="alternate"/><published>2022-02-14T12:12:13+00:00</published></entry><entry><id>https://github.com/OWASP/CheatSheetSeries/pull/853</id><title>Add MASVS index</title><updated>2022-02-14T11:06:53+00:00</updated><link href="https://github.com/OWASP/CheatSheetSeries/pull/853" rel="self"/><link href="https://github.com/OWASP/CheatSheetSeries/pull/853" rel="alternate"/><published>2022-02-14T11:06:53+00:00</published></entry><entry><id>https://github.com/OWASP/CheatSheetSeries/pull/855</id><title>Fix a typo</title><updated>2022-02-14T12:12:49+00:00</updated><link href="https://github.com/OWASP/CheatSheetSeries/pull/855" rel="self"/><link href="https://github.com/OWASP/CheatSheetSeries/pull/855" rel="alternate"/><published>2022-02-14T12:12:49+00:00</published></entry><entry><id>https://github.com/OWASP/CheatSheetSeries/pull/856</id><title>Minor fix for MASVS Index</title><updated>2022-02-14T13:17:28+00:00</updated><link href="https://github.com/OWASP/CheatSheetSeries/pull/856" rel="self"/><link href="https://github.com/OWASP/CheatSheetSeries/pull/856" rel="alternate"/><published>2022-02-14T13:17:28+00:00</published></entry><entry><id>https://github.com/OWASP/CheatSheetSeries/pull/857</id><title>Update the function syntax</title><updated>2022-02-15T02:04:42+00:00</updated><link href="https://github.com/OWASP/CheatSheetSeries/pull/857" rel="self"/><link href="https://github.com/OWASP/CheatSheetSeries/pull/857" rel="alternate"/><published>2022-02-15T02:04:42+00:00</published></entry><entry><id>https://github.com/OWASP/CheatSheetSeries/pull/859</id><title>Fixed Link to Input Validation sheet; Typo; Added source on block…</title><updated>2022-02-25T17:06:43+00:00</updated><link href="https://github.com/OWASP/CheatSheetSeries/pull/859" rel="self"/><link href="https://github.com/OWASP/CheatSheetSeries/pull/859" rel="alternate"/><published>2022-02-25T17:06:43+00:00</published></entry><entry><id>https://github.com/OWASP/CheatSheetSeries/pull/861</id><title>Update Secrets_Management_CheatSheet.md</title><updated>2022-02-25T17:06:19+00:00</updated><link href="https://github.com/OWASP/CheatSheetSeries/pull/861" rel="self"/><link href="https://github.com/OWASP/CheatSheetSeries/pull/861" rel="alternate"/><published>2022-02-25T17:06:19+00:00</published></entry><entry><id>https://github.com/OWASP/CheatSheetSeries/pull/863</id><title>Restructured section 2, added enclaves and cloud based HSM</title><updated>2022-03-06T01:18:10+00:00</updated><link href="https://github.com/OWASP/CheatSheetSeries/pull/863" rel="self"/><link href="https://github.com/OWASP/CheatSheetSeries/pull/863" rel="alternate"/><published>2022-03-06T01:18:10+00:00</published></entry><entry><id>https://github.com/OWASP/CheatSheetSeries/pull/864</id><title>Cheatsheet updates: attack surface, relevant tools</title><updated>2022-02-25T17:05:15+00:00</updated><link href="https://github.com/OWASP/CheatSheetSeries/pull/864" rel="self"/><link href="https://github.com/OWASP/CheatSheetSeries/pull/864" rel="alternate"/><published>2022-02-25T17:05:15+00:00</published></entry><entry><id>https://github.com/OWASP/CheatSheetSeries/pull/865</id><title>Adding Secure Padding to RSA</title><updated>2022-02-25T17:12:12+00:00</updated><link href="https://github.com/OWASP/CheatSheetSeries/pull/865" rel="self"/><link href="https://github.com/OWASP/CheatSheetSeries/pull/865" rel="alternate"/><published>2022-02-25T17:12:12+00:00</published></entry><entry><id>https://github.com/OWASP/CheatSheetSeries/pull/866</id><title>Fix typo XML_External_Entity_Prevention_Cheat_Sheet</title><updated>2022-02-25T22:24:55+00:00</updated><link href="https://github.com/OWASP/CheatSheetSeries/pull/866" rel="self"/><link href="https://github.com/OWASP/CheatSheetSeries/pull/866" rel="alternate"/><published>2022-02-25T22:24:55+00:00</published></entry><entry><id>https://github.com/OWASP/CheatSheetSeries/pull/868</id><title>Fix a typo</title><updated>2022-03-03T16:21:02+00:00</updated><link href="https://github.com/OWASP/CheatSheetSeries/pull/868" rel="self"/><link href="https://github.com/OWASP/CheatSheetSeries/pull/868" rel="alternate"/><published>2022-03-03T16:21:02+00:00</published></entry><entry><id>https://github.com/OWASP/CheatSheetSeries/pull/873</id><title>fix superscript rendering and small typo</title><updated>2022-03-09T21:26:52+00:00</updated><link href="https://github.com/OWASP/CheatSheetSeries/pull/873" rel="self"/><link href="https://github.com/OWASP/CheatSheetSeries/pull/873" rel="alternate"/><published>2022-03-09T21:26:52+00:00</published></entry><entry><id>https://github.com/OWASP/CheatSheetSeries/pull/877</id><title>#874 password change fail</title><updated>2022-03-14T16:58:20+00:00</updated><link href="https://github.com/OWASP/CheatSheetSeries/pull/877" rel="self"/><link href="https://github.com/OWASP/CheatSheetSeries/pull/877" rel="alternate"/><published>2022-03-14T16:58:20+00:00</published></entry><entry><id>https://github.com/OWASP/CheatSheetSeries/pull/878</id><title>Add threats against logs</title><updated>2022-03-16T18:16:53+00:00</updated><link href="https://github.com/OWASP/CheatSheetSeries/pull/878" rel="self"/><link href="https://github.com/OWASP/CheatSheetSeries/pull/878" rel="alternate"/><published>2022-03-16T18:16:53+00:00</published></entry><entry><id>https://github.com/OWASP/CheatSheetSeries/pull/880</id><title>Delete TLS 1.1., Add TLS 1.2 or later</title><updated>2022-03-16T16:37:48+00:00</updated><link href="https://github.com/OWASP/CheatSheetSeries/pull/880" rel="self"/><link href="https://github.com/OWASP/CheatSheetSeries/pull/880" rel="alternate"/><published>2022-03-16T16:37:48+00:00</published></entry><entry><id>https://github.com/OWASP/CheatSheetSeries/pull/882</id><title>Links to CWE and OWASP threat models</title><updated>2022-03-16T18:55:20+00:00</updated><link href="https://github.com/OWASP/CheatSheetSeries/pull/882" rel="self"/><link href="https://github.com/OWASP/CheatSheetSeries/pull/882" rel="alternate"/><published>2022-03-16T18:55:20+00:00</published></entry><entry><id>https://github.com/OWASP/CheatSheetSeries/pull/883</id><title>Update DOM_based_XSS_Prevention_Cheat_Sheet.md</title><updated>2022-03-17T23:55:13+00:00</updated><link href="https://github.com/OWASP/CheatSheetSeries/pull/883" rel="self"/><link href="https://github.com/OWASP/CheatSheetSeries/pull/883" rel="alternate"/><published>2022-03-17T23:55:13+00:00</published></entry><entry><id>https://github.com/OWASP/CheatSheetSeries/pull/885</id><title>SSRF Cheat Sheet - Updated link to new location of network segmentation impl article</title><updated>2022-03-21T19:42:14+00:00</updated><link href="https://github.com/OWASP/CheatSheetSeries/pull/885" rel="self"/><link href="https://github.com/OWASP/CheatSheetSeries/pull/885" rel="alternate"/><published>2022-03-21T19:42:14+00:00</published></entry><entry><id>https://github.com/OWASP/CheatSheetSeries/pull/887</id><title>XSS Prevention CS &gt; Promotion from Draft to Published</title><updated>2022-03-21T23:03:29+00:00</updated><link href="https://github.com/OWASP/CheatSheetSeries/pull/887" rel="self"/><link href="https://github.com/OWASP/CheatSheetSeries/pull/887" rel="alternate"/><published>2022-03-21T23:03:29+00:00</published></entry><entry><id>https://github.com/OWASP/CheatSheetSeries/pull/889</id><title>Updated broken link X-XSS Protection and Link to CSP cheat sheet</title><updated>2022-04-06T13:31:53+00:00</updated><link href="https://github.com/OWASP/CheatSheetSeries/pull/889" rel="self"/><link href="https://github.com/OWASP/CheatSheetSeries/pull/889" rel="alternate"/><published>2022-04-06T13:31:53+00:00</published></entry><entry><id>https://github.com/OWASP/CheatSheetSeries/pull/890</id><title>Small spelling correction</title><updated>2022-04-09T16:55:28+00:00</updated><link href="https://github.com/OWASP/CheatSheetSeries/pull/890" rel="self"/><link href="https://github.com/OWASP/CheatSheetSeries/pull/890" rel="alternate"/><published>2022-04-09T16:55:28+00:00</published></entry><entry><id>https://github.com/OWASP/CheatSheetSeries/pull/891</id><title>Update Secrets_Management_CheatSheet.md</title><updated>2022-04-15T07:33:18+00:00</updated><link href="https://github.com/OWASP/CheatSheetSeries/pull/891" rel="self"/><link href="https://github.com/OWASP/CheatSheetSeries/pull/891" rel="alternate"/><published>2022-04-15T07:33:18+00:00</published></entry><entry><id>https://github.com/OWASP/CheatSheetSeries/pull/894</id><title>NewCheat Sheet draft</title><updated>2022-06-01T16:16:52+00:00</updated><link href="https://github.com/OWASP/CheatSheetSeries/pull/894" rel="self"/><link href="https://github.com/OWASP/CheatSheetSeries/pull/894" rel="alternate"/><published>2022-06-01T16:16:52+00:00</published></entry><entry><id>https://github.com/OWASP/CheatSheetSeries/pull/895</id><title>Add PurpleTeam</title><updated>2022-04-19T14:20:19+00:00</updated><link href="https://github.com/OWASP/CheatSheetSeries/pull/895" rel="self"/><link href="https://github.com/OWASP/CheatSheetSeries/pull/895" rel="alternate"/><published>2022-04-19T14:20:19+00:00</published></entry><entry><id>https://github.com/OWASP/CheatSheetSeries/pull/896</id><title>Update Microservices_security.md</title><updated>2022-04-19T14:25:42+00:00</updated><link href="https://github.com/OWASP/CheatSheetSeries/pull/896" rel="self"/><link href="https://github.com/OWASP/CheatSheetSeries/pull/896" rel="alternate"/><published>2022-04-19T14:25:42+00:00</published></entry><entry><id>https://github.com/OWASP/CheatSheetSeries/pull/898</id><title>ISSUE #897 - Logvocab malicious idor critical</title><updated>2022-04-20T23:59:09+00:00</updated><link href="https://github.com/OWASP/CheatSheetSeries/pull/898" rel="self"/><link href="https://github.com/OWASP/CheatSheetSeries/pull/898" rel="alternate"/><published>2022-04-20T23:59:09+00:00</published></entry><entry><id>https://github.com/OWASP/CheatSheetSeries/pull/900</id><title>Update Clickjacking_Defense_Cheat_Sheet.md</title><updated>2022-05-26T18:58:04+00:00</updated><link href="https://github.com/OWASP/CheatSheetSeries/pull/900" rel="self"/><link href="https://github.com/OWASP/CheatSheetSeries/pull/900" rel="alternate"/><published>2022-05-26T18:58:04+00:00</published></entry><entry><id>https://github.com/OWASP/CheatSheetSeries/pull/902</id><title>fix typo</title><updated>2022-05-03T23:33:31+00:00</updated><link href="https://github.com/OWASP/CheatSheetSeries/pull/902" rel="self"/><link href="https://github.com/OWASP/CheatSheetSeries/pull/902" rel="alternate"/><published>2022-05-03T23:33:31+00:00</published></entry><entry><id>https://github.com/OWASP/CheatSheetSeries/pull/903</id><title>Remove 'shame' to 'developers' language</title><updated>2022-05-03T23:32:59+00:00</updated><link href="https://github.com/OWASP/CheatSheetSeries/pull/903" rel="self"/><link href="https://github.com/OWASP/CheatSheetSeries/pull/903" rel="alternate"/><published>2022-05-03T23:32:59+00:00</published></entry><entry><id>https://github.com/OWASP/CheatSheetSeries/pull/905</id><title>Fixed "Multi-Factor Authentication CS" link</title><updated>2022-05-06T14:29:55+00:00</updated><link href="https://github.com/OWASP/CheatSheetSeries/pull/905" rel="self"/><link href="https://github.com/OWASP/CheatSheetSeries/pull/905" rel="alternate"/><published>2022-05-06T14:29:55+00:00</published></entry><entry><id>https://github.com/OWASP/CheatSheetSeries/pull/907</id><title>Add huntr.dev to bug bounty programs</title><updated>2022-05-26T18:57:34+00:00</updated><link href="https://github.com/OWASP/CheatSheetSeries/pull/907" rel="self"/><link href="https://github.com/OWASP/CheatSheetSeries/pull/907" rel="alternate"/><published>2022-05-26T18:57:34+00:00</published></entry><entry><id>https://github.com/OWASP/CheatSheetSeries/pull/909</id><title>Fix typo: bent -&gt; sent</title><updated>2022-05-26T18:54:41+00:00</updated><link href="https://github.com/OWASP/CheatSheetSeries/pull/909" rel="self"/><link href="https://github.com/OWASP/CheatSheetSeries/pull/909" rel="alternate"/><published>2022-05-26T18:54:41+00:00</published></entry><entry><id>https://github.com/OWASP/CheatSheetSeries/pull/910</id><title>Update Cross_Site_Scripting_Prevention_Cheat_Sheet.md to highlight th…</title><updated>2022-05-26T18:34:57+00:00</updated><link href="https://github.com/OWASP/CheatSheetSeries/pull/910" rel="self"/><link href="https://github.com/OWASP/CheatSheetSeries/pull/910" rel="alternate"/><published>2022-05-26T18:34:57+00:00</published></entry><entry><id>https://github.com/OWASP/CheatSheetSeries/pull/914</id><title>Update HTTP_Headers_Cheat_Sheet.md</title><updated>2022-06-10T13:22:28+00:00</updated><link href="https://github.com/OWASP/CheatSheetSeries/pull/914" rel="self"/><link href="https://github.com/OWASP/CheatSheetSeries/pull/914" rel="alternate"/><published>2022-06-10T13:22:28+00:00</published></entry><entry><id>https://github.com/OWASP/CheatSheetSeries/pull/916</id><title>Typos</title><updated>2022-06-10T13:22:03+00:00</updated><link href="https://github.com/OWASP/CheatSheetSeries/pull/916" rel="self"/><link href="https://github.com/OWASP/CheatSheetSeries/pull/916" rel="alternate"/><published>2022-06-10T13:22:03+00:00</published></entry><entry><id>https://github.com/OWASP/CheatSheetSeries/pull/918</id><title>Add guidance on secret scanning, network capture in K8s, fix typo</title><updated>2022-06-10T13:19:48+00:00</updated><link href="https://github.com/OWASP/CheatSheetSeries/pull/918" rel="self"/><link href="https://github.com/OWASP/CheatSheetSeries/pull/918" rel="alternate"/><published>2022-06-10T13:19:48+00:00</published></entry><entry><id>https://github.com/OWASP/CheatSheetSeries/pull/919</id><title>Update Password_Storage_Cheat_Sheet.md</title><updated>2022-06-10T13:17:04+00:00</updated><link href="https://github.com/OWASP/CheatSheetSeries/pull/919" rel="self"/><link href="https://github.com/OWASP/CheatSheetSeries/pull/919" rel="alternate"/><published>2022-06-10T13:17:04+00:00</published></entry><entry><id>https://github.com/OWASP/CheatSheetSeries/pull/921</id><title>Fix SSRF IP Address Python Example</title><updated>2022-06-15T07:50:12+00:00</updated><link href="https://github.com/OWASP/CheatSheetSeries/pull/921" rel="self"/><link href="https://github.com/OWASP/CheatSheetSeries/pull/921" rel="alternate"/><published>2022-06-15T07:50:12+00:00</published></entry><entry><id>https://github.com/OWASP/CheatSheetSeries/pull/922</id><title>Update authentication cheatsheet to recommend zxcvbn-ts instead of zxcvbn which is unmaintained</title><updated>2022-06-20T17:29:18+00:00</updated><link href="https://github.com/OWASP/CheatSheetSeries/pull/922" rel="self"/><link href="https://github.com/OWASP/CheatSheetSeries/pull/922" rel="alternate"/><published>2022-06-20T17:29:18+00:00</published></entry><entry><id>https://github.com/OWASP/CheatSheetSeries/pull/923</id><title>Links fixed</title><updated>2022-06-15T07:51:48+00:00</updated><link href="https://github.com/OWASP/CheatSheetSeries/pull/923" rel="self"/><link href="https://github.com/OWASP/CheatSheetSeries/pull/923" rel="alternate"/><published>2022-06-15T07:51:48+00:00</published></entry><entry><id>https://github.com/OWASP/CheatSheetSeries/pull/924</id><title>Added original pictures in draw.io format</title><updated>2022-06-15T07:39:32+00:00</updated><link href="https://github.com/OWASP/CheatSheetSeries/pull/924" rel="self"/><link href="https://github.com/OWASP/CheatSheetSeries/pull/924" rel="alternate"/><published>2022-06-15T07:39:32+00:00</published></entry><entry><id>https://github.com/OWASP/CheatSheetSeries/pull/932</id><title>Update Cryptographic_Storage_Cheat_Sheet.md</title><updated>2022-06-28T05:53:50+00:00</updated><link href="https://github.com/OWASP/CheatSheetSeries/pull/932" rel="self"/><link href="https://github.com/OWASP/CheatSheetSeries/pull/932" rel="alternate"/><published>2022-06-28T05:53:50+00:00</published></entry><entry><id>https://github.com/OWASP/CheatSheetSeries/pull/933</id><title>replace encodeForJS  with encodeForJavascript</title><updated>2022-06-28T05:56:53+00:00</updated><link href="https://github.com/OWASP/CheatSheetSeries/pull/933" rel="self"/><link href="https://github.com/OWASP/CheatSheetSeries/pull/933" rel="alternate"/><published>2022-06-28T05:56:53+00:00</published></entry><entry><id>https://github.com/OWASP/CheatSheetSeries/pull/934</id><title>Update GraphQL introspection CS</title><updated>2022-06-22T12:47:13+00:00</updated><link href="https://github.com/OWASP/CheatSheetSeries/pull/934" rel="self"/><link href="https://github.com/OWASP/CheatSheetSeries/pull/934" rel="alternate"/><published>2022-06-22T12:47:13+00:00</published></entry><entry><id>https://github.com/OWASP/CheatSheetSeries/pull/937</id><title>Graphql Introspection as default config</title><updated>2022-06-28T05:53:21+00:00</updated><link href="https://github.com/OWASP/CheatSheetSeries/pull/937" rel="self"/><link href="https://github.com/OWASP/CheatSheetSeries/pull/937" rel="alternate"/><published>2022-06-28T05:53:21+00:00</published></entry><entry><id>https://github.com/OWASP/CheatSheetSeries/pull/938</id><title>Add ReBAC to Authorization cheatsheet</title><updated>2022-06-28T07:39:20+00:00</updated><link href="https://github.com/OWASP/CheatSheetSeries/pull/938" rel="self"/><link href="https://github.com/OWASP/CheatSheetSeries/pull/938" rel="alternate"/><published>2022-06-28T07:39:20+00:00</published></entry><entry><id>https://github.com/OWASP/CheatSheetSeries/pull/939</id><title>Fix grammar and typos</title><updated>2022-06-28T05:52:23+00:00</updated><link href="https://github.com/OWASP/CheatSheetSeries/pull/939" rel="self"/><link href="https://github.com/OWASP/CheatSheetSeries/pull/939" rel="alternate"/><published>2022-06-28T05:52:23+00:00</published></entry><entry><id>https://github.com/OWASP/CheatSheetSeries/pull/941</id><title>fix: links</title><updated>2022-06-30T20:48:13+00:00</updated><link href="https://github.com/OWASP/CheatSheetSeries/pull/941" rel="self"/><link href="https://github.com/OWASP/CheatSheetSeries/pull/941" rel="alternate"/><published>2022-06-30T20:48:13+00:00</published></entry><entry><id>https://github.com/OWASP/CheatSheetSeries/pull/948</id><title>Update Cryptographic_Storage_Cheat_Sheet (#947)</title><updated>2022-07-13T12:59:30+00:00</updated><link href="https://github.com/OWASP/CheatSheetSeries/pull/948" rel="self"/><link href="https://github.com/OWASP/CheatSheetSeries/pull/948" rel="alternate"/><published>2022-07-13T12:59:30+00:00</published></entry><entry><id>https://github.com/OWASP/CheatSheetSeries/pull/949</id><title>Fix #943 - security.txt URI within Vulnerability Disclosure Cheat Sheet</title><updated>2022-07-13T13:00:10+00:00</updated><link href="https://github.com/OWASP/CheatSheetSeries/pull/949" rel="self"/><link href="https://github.com/OWASP/CheatSheetSeries/pull/949" rel="alternate"/><published>2022-07-13T13:00:10+00:00</published></entry><entry><id>https://github.com/OWASP/CheatSheetSeries/pull/950</id><title>add Docker Bench for Security to static tools</title><updated>2022-07-19T13:48:18+00:00</updated><link href="https://github.com/OWASP/CheatSheetSeries/pull/950" rel="self"/><link href="https://github.com/OWASP/CheatSheetSeries/pull/950" rel="alternate"/><published>2022-07-19T13:48:18+00:00</published></entry><entry><id>https://github.com/OWASP/CheatSheetSeries/pull/953</id><title>[NO-TICKET] Customize the title number based security coding standard</title><updated>2022-07-19T13:48:33+00:00</updated><link href="https://github.com/OWASP/CheatSheetSeries/pull/953" rel="self"/><link href="https://github.com/OWASP/CheatSheetSeries/pull/953" rel="alternate"/><published>2022-07-19T13:48:33+00:00</published></entry><entry><id>https://github.com/OWASP/CheatSheetSeries/pull/954</id><title>Revert "[NO-TICKET] Customize the title number based security coding standard"</title><updated>2022-07-19T15:51:31+00:00</updated><link href="https://github.com/OWASP/CheatSheetSeries/pull/954" rel="self"/><link href="https://github.com/OWASP/CheatSheetSeries/pull/954" rel="alternate"/><published>2022-07-19T15:51:31+00:00</published></entry><entry><id>https://github.com/OWASP/CheatSheetSeries/pull/955</id><title>Update AJAX_Security_Cheat_Sheet.md</title><updated>2022-07-24T21:24:03+00:00</updated><link href="https://github.com/OWASP/CheatSheetSeries/pull/955" rel="self"/><link href="https://github.com/OWASP/CheatSheetSeries/pull/955" rel="alternate"/><published>2022-07-24T21:24:03+00:00</published></entry><entry><id>https://github.com/OWASP/CheatSheetSeries/pull/956</id><title>Clarifications around Billion Laughs DoS attack in .NET</title><updated>2022-07-24T21:10:12+00:00</updated><link href="https://github.com/OWASP/CheatSheetSeries/pull/956" rel="self"/><link href="https://github.com/OWASP/CheatSheetSeries/pull/956" rel="alternate"/><published>2022-07-24T21:10:12+00:00</published></entry><entry><id>https://github.com/OWASP/CheatSheetSeries/pull/957</id><title>Tweak how the dotnet cheatsheet talks about XXE</title><updated>2022-08-05T07:44:08+00:00</updated><link href="https://github.com/OWASP/CheatSheetSeries/pull/957" rel="self"/><link href="https://github.com/OWASP/CheatSheetSeries/pull/957" rel="alternate"/><published>2022-08-05T07:44:08+00:00</published></entry><entry><id>https://github.com/OWASP/CheatSheetSeries/pull/959</id><title>enabling Edit button</title><updated>2022-08-06T21:12:39+00:00</updated><link href="https://github.com/OWASP/CheatSheetSeries/pull/959" rel="self"/><link href="https://github.com/OWASP/CheatSheetSeries/pull/959" rel="alternate"/><published>2022-08-06T21:12:39+00:00</published></entry><entry><id>https://github.com/OWASP/CheatSheetSeries/pull/960</id><title>adding some JavaScript sandbox / sanitizers resources</title><updated>2022-08-06T21:12:06+00:00</updated><link href="https://github.com/OWASP/CheatSheetSeries/pull/960" rel="self"/><link href="https://github.com/OWASP/CheatSheetSeries/pull/960" rel="alternate"/><published>2022-08-06T21:12:06+00:00</published></entry><entry><id>https://github.com/OWASP/CheatSheetSeries/pull/961</id><title>enable dark / light mode switch</title><updated>2022-08-15T15:08:38+00:00</updated><link href="https://github.com/OWASP/CheatSheetSeries/pull/961" rel="self"/><link href="https://github.com/OWASP/CheatSheetSeries/pull/961" rel="alternate"/><published>2022-08-15T15:08:38+00:00</published></entry><entry><id>https://github.com/OWASP/CheatSheetSeries/pull/967</id><title>Correct anchor in link</title><updated>2022-08-31T20:33:45+00:00</updated><link href="https://github.com/OWASP/CheatSheetSeries/pull/967" rel="self"/><link href="https://github.com/OWASP/CheatSheetSeries/pull/967" rel="alternate"/><published>2022-08-31T20:33:45+00:00</published></entry><entry><id>https://github.com/OWASP/CheatSheetSeries/pull/969</id><title>Added a new resource</title><updated>2022-08-31T20:33:16+00:00</updated><link href="https://github.com/OWASP/CheatSheetSeries/pull/969" rel="self"/><link href="https://github.com/OWASP/CheatSheetSeries/pull/969" rel="alternate"/><published>2022-08-31T20:33:16+00:00</published></entry><entry><id>https://github.com/OWASP/CheatSheetSeries/pull/971</id><title>Correct link in File Upload Cheat Sheet</title><updated>2022-08-31T20:35:31+00:00</updated><link href="https://github.com/OWASP/CheatSheetSeries/pull/971" rel="self"/><link href="https://github.com/OWASP/CheatSheetSeries/pull/971" rel="alternate"/><published>2022-08-31T20:35:31+00:00</published></entry><entry><id>https://github.com/OWASP/CheatSheetSeries/pull/972</id><title>Warn about storing secrets in env vars</title><updated>2022-08-31T20:38:06+00:00</updated><link href="https://github.com/OWASP/CheatSheetSeries/pull/972" rel="self"/><link href="https://github.com/OWASP/CheatSheetSeries/pull/972" rel="alternate"/><published>2022-08-31T20:38:06+00:00</published></entry><entry><id>https://github.com/OWASP/CheatSheetSeries/pull/973</id><title>Remove ToC and fix file name inconsistency</title><updated>2022-08-31T20:33:36+00:00</updated><link href="https://github.com/OWASP/CheatSheetSeries/pull/973" rel="self"/><link href="https://github.com/OWASP/CheatSheetSeries/pull/973" rel="alternate"/><published>2022-08-31T20:33:36+00:00</published></entry><entry><id>https://github.com/OWASP/CheatSheetSeries/pull/974</id><title>Create Network_Segmentation_Cheat_Sheet_interservice_balancer.drawio</title><updated>2022-09-07T18:19:22+00:00</updated><link href="https://github.com/OWASP/CheatSheetSeries/pull/974" rel="self"/><link href="https://github.com/OWASP/CheatSheetSeries/pull/974" rel="alternate"/><published>2022-09-07T18:19:22+00:00</published></entry><entry><id>https://github.com/OWASP/CheatSheetSeries/pull/975</id><title>Added a new section</title><updated>2022-09-07T18:18:59+00:00</updated><link href="https://github.com/OWASP/CheatSheetSeries/pull/975" rel="self"/><link href="https://github.com/OWASP/CheatSheetSeries/pull/975" rel="alternate"/><published>2022-09-07T18:18:59+00:00</published></entry><entry><id>https://github.com/OWASP/CheatSheetSeries/pull/976</id><title>add PNG for new section</title><updated>2022-09-07T18:18:20+00:00</updated><link href="https://github.com/OWASP/CheatSheetSeries/pull/976" rel="self"/><link href="https://github.com/OWASP/CheatSheetSeries/pull/976" rel="alternate"/><published>2022-09-07T18:18:20+00:00</published></entry><entry><id>https://github.com/OWASP/CheatSheetSeries/pull/978</id><title>Add rust actix web sample code</title><updated>2022-09-13T01:21:43+00:00</updated><link href="https://github.com/OWASP/CheatSheetSeries/pull/978" rel="self"/><link href="https://github.com/OWASP/CheatSheetSeries/pull/978" rel="alternate"/><published>2022-09-13T01:21:43+00:00</published></entry><entry><id>https://github.com/OWASP/CheatSheetSeries/pull/979</id><title>Update XStream to correct version</title><updated>2022-09-07T18:17:41+00:00</updated><link href="https://github.com/OWASP/CheatSheetSeries/pull/979" rel="self"/><link href="https://github.com/OWASP/CheatSheetSeries/pull/979" rel="alternate"/><published>2022-09-07T18:17:41+00:00</published></entry><entry><id>https://github.com/OWASP/CheatSheetSeries/pull/980</id><title>Update Cryptographic_Storage_Cheat_Sheet.md</title><updated>2022-09-19T13:28:23+00:00</updated><link href="https://github.com/OWASP/CheatSheetSeries/pull/980" rel="self"/><link href="https://github.com/OWASP/CheatSheetSeries/pull/980" rel="alternate"/><published>2022-09-19T13:28:23+00:00</published></entry><entry><id>https://github.com/OWASP/CheatSheetSeries/pull/983</id><title>Kubernetes Cheat Sheet: Add link to resource quotas documentation</title><updated>2022-09-19T13:29:01+00:00</updated><link href="https://github.com/OWASP/CheatSheetSeries/pull/983" rel="self"/><link href="https://github.com/OWASP/CheatSheetSeries/pull/983" rel="alternate"/><published>2022-09-19T13:29:01+00:00</published></entry><entry><id>https://github.com/OWASP/CheatSheetSeries/pull/984</id><title>Update Unvalidated_Redirects_and_Forwards_Cheat_Sheet.md</title><updated>2022-09-21T12:41:27+00:00</updated><link href="https://github.com/OWASP/CheatSheetSeries/pull/984" rel="self"/><link href="https://github.com/OWASP/CheatSheetSeries/pull/984" rel="alternate"/><published>2022-09-21T12:41:27+00:00</published></entry><entry><id>https://github.com/OWASP/CheatSheetSeries/pull/986</id><title>Clarify CSRF token transmission</title><updated>2022-10-26T07:43:54+00:00</updated><link href="https://github.com/OWASP/CheatSheetSeries/pull/986" rel="self"/><link href="https://github.com/OWASP/CheatSheetSeries/pull/986" rel="alternate"/><contributor><name>psibean</name><uri>https://github.com/psibean</uri></contributor><published>2022-10-26T07:43:54+00:00</published></entry><entry><id>https://github.com/OWASP/CheatSheetSeries/pull/988</id><title>Update Unvalidated_Redirects_and_Forwards_Cheat_Sheet.md</title><updated>2022-10-19T08:26:38+00:00</updated><link href="https://github.com/OWASP/CheatSheetSeries/pull/988" rel="self"/><link href="https://github.com/OWASP/CheatSheetSeries/pull/988" rel="alternate"/><published>2022-10-19T08:26:38+00:00</published></entry><entry><id>https://github.com/OWASP/CheatSheetSeries/pull/994</id><title>Adjust sentence about SameSite cookies in XS Leaks Cheat Sheet (#993)</title><updated>2022-10-19T08:28:16+00:00</updated><link href="https://github.com/OWASP/CheatSheetSeries/pull/994" rel="self"/><link href="https://github.com/OWASP/CheatSheetSeries/pull/994" rel="alternate"/><published>2022-10-19T08:28:16+00:00</published></entry><entry><id>https://github.com/OWASP/CheatSheetSeries/pull/996</id><title>Expand on rate-limiting password reset, fixes #965</title><updated>2022-10-18T06:49:09+00:00</updated><link href="https://github.com/OWASP/CheatSheetSeries/pull/996" rel="self"/><link href="https://github.com/OWASP/CheatSheetSeries/pull/996" rel="alternate"/><published>2022-10-18T06:49:09+00:00</published></entry><entry><id>https://github.com/OWASP/CheatSheetSeries/pull/997</id><title>Update bcrypt minimum work factor</title><updated>2022-10-19T08:23:24+00:00</updated><link href="https://github.com/OWASP/CheatSheetSeries/pull/997" rel="self"/><link href="https://github.com/OWASP/CheatSheetSeries/pull/997" rel="alternate"/><published>2022-10-19T08:23:24+00:00</published></entry><entry><id>https://github.com/OWASP/CheatSheetSeries/pull/999</id><title>Small grammar fix in Cryptographic Storage Cheat Sheet</title><updated>2022-10-26T07:45:53+00:00</updated><link href="https://github.com/OWASP/CheatSheetSeries/pull/999" rel="self"/><link href="https://github.com/OWASP/CheatSheetSeries/pull/999" rel="alternate"/><published>2022-10-26T07:45:53+00:00</published></entry></feed>